{
  "Face only": 0.9284442285899304,
  "Motion only": 0.49178403755868544,
  "Audio only": 0.4386433543791484,
  "Physiology only": 0.49485996438400515,
  "Fusion (all)": 0.963493605310021
}